emp_id,names
2751187,Dianne Chiarelli
5139582,Nicholas Griffen
4996294,Judy Perry
1674053,Devin Kraft
6991011,Martha Smith
3118242,Floyd Mcwayne
3754391,Richard Bass
1718384,Elisha Rhodes
2848925,James Swinger
4294835,Douglas Hammons
4996164,Larry Rudman
5343990,Ellen Carlisle
7564544,Marcus Isaac
8035780,Amanda Nylen
228463,Ella William
2208403,Eric Marcoux
7016602,Norma Williams
4147319,Lester Odom
4315695,Jennie Houston
3422814,Charles White
7406905,Larry Styers
4303318,Karen White
3580990,Robin Cuthbert
9881544,Kimberly Nicholas
3854488,Patricia Smith
1734643,Dorothy Reynolds
7651585,William Matthews
5331587,Steven Cutwright
6005822,Marjorie Wells
6943009,Monika Shumaker
1622878,Quentin Lapp
3610455,Joshua Meza
1170465,Earl Oneill
5661654,Geneva Bourgeois
3972409,Susan Kelly
5677513,Kathleen Sweitzer
6979187,James Griffin
211173,Kate Kraus
2408585,Roderick Sellers
6807065,Dino Patterson
4798852,John Jenkins
342182,Larry Villarreal
4974221,Freddie Coley
64950,Rhonda Jarvie
4303172,Nora Anderson
7725661,Donald Mossman
9693871,Roderick Land
3203963,Mark Bray
8851762,Carolyn Alvarado
7324809,Virginia Gonzalez
1397303,Ricky Whitehead
886822,Peter Goldstein
8474563,Greg Garmon
1573836,Janet Dwight
9571410,David Jordan
5365833,Devon Roberts
7421924,Frances Pace
5920878,Susanna Williams
1524417,Eugene Sowers
5961084,Arletta Galaviz
71783,Joel Langel
6869896,Elizabeth Fesperman
4717734,Daniel Martin
9536462,Jeffery Matthews
3109052,Gilbert Hudson
9173944,Gayle Kurtz
4824240,Ashley Mccoy
3231151,Pamela Damian
1450532,Hunter Larson
6601903,Lucas White
1623003,Agustin Enochs
3750884,William Rowland
8481768,Brittany Parks
868622,Patricia Panza
6228946,James Kain
6568311,Charles Johnson
1574934,Paula Reynolds
3881878,Georgiana Anderson
7620871,Arnulfo Clark
4482597,David Leach
2642095,Dominic Coleman
5675360,Donna Haines
712067,Margaret Karow
9837319,Amy Hayes
4082999,Karla Darling
1936793,Nettie Mcdaniel
6461659,Gordon Cobos
4377821,Joanna Daughters
9081881,Eddie Jean
3283763,Zachary Wells
5670889,Reginald Rodriguez
9151061,Ashley Goodwill
3442473,Ray Patton
1221156,Ty Leto
5748338,Edward Sellers
168540,Walter Edgell
3762325,Michael Marshall
5810307,Mary Wells
6411725,Benjamin Sullivan
3869347,Gladys Pressley
8681601,Maria Van
5372124,Marian Schaefer
1182123,Andrew Miller
9519027,James Capps
8678674,John Sklar
4875140,James Graham
8554389,Valerie Magallon
4293956,Norman Weiser
9107431,Sidney Cardwell
9167900,Janice Graziano
6493411,Patrick Riley
1661961,Dora Murray
3071782,Douglas Daffin
8841753,Susan Daniel
6091028,Benjamin Hunt
8161651,Sharon Gaither
5291806,Laura Alkire
4437895,Maria Reese
158372,Amanda Teague
5033438,Gary Stanger
7191334,Edward Gongora
6643213,Dale Vala
3178332,Cory Guthrie
8500501,Carlo Tatum
4506081,Janet Matsuno
3782145,Jose Johnson
8531891,Joe Smith
7047244,Kay Nelson
2305664,Tricia Brown
2760143,Garry Oldham
8242791,James Mills
7086746,Diane Searfoss
3918793,Shelby Delisi
5296122,Pamela Unrein
3088293,Elsie Scharf
7921707,Joshua Hoffmann
4625356,James Bostic
3881796,Amy Zavala
6679475,Ida Haddad
6176057,Lynn Yarbrough
2686518,Chuck Wolverton
9529004,Robert Gately
3262595,Jenny Byers
2282037,Melinda Drage
9913634,Tina Bauer
7636192,Diana Williams
387318,Bradley Carnes
8557495,Patrick Lippert
5298976,Charles Merritt
9170736,Laura Oakes
5333759,Sharon Slaughter
8271817,Marsha Kennelly
8037003,Nicholas Washington
9208871,Mitchel Murphy
686491,Jessica Washington
1683425,David Laite
4974698,Salvador Tesoro
2966381,David Eisenhower
771519,David Streller
5137268,Robert Dubill
7696825,Gregory Akin
6572866,Gertrude Shackley
6783800,Karen Martinez
6838996,Maria Nielson
3847134,Mary Lozano
3598250,Marie Healey
3044066,Tammy Holm
2719916,Doris Blades
3225300,Tony Hayes
9680920,Lavada Lewis
3682665,Helen Navarro
5814307,Stanley Jenkins
5369797,Juanita Knowles
7174173,Donald Karp
2467374,Hazel Calloway
3211482,David Moritz
7865417,Clayton Baxter
1180502,Stephen Barnes
7859774,Gerald Crossman
9131119,Scott Mcatee
8497199,Marcella Culver
1311986,Frank Wulf
5550985,Lorine Shipley
6633833,Carl Wilkinson
3616834,Samantha Holmen
1671507,Leah Pyles
9229295,Carmen Bartamian
2853852,Everette Mcdowell
4946155,Willis Auerswald
1888171,Eugene Ready
705947,Mildred Balsamo
1704930,Julie Vandorp
4079876,Eric Coles
979919,Jim Steele
6935621,Laura Arbeiter
8705727,Donna Burnett
5463224,Jesus Negrete
9016125,Albert Rushing
980058,Robin Quelette
9875638,Dennis Johnson
9080344,Brian Flores
9153571,Ella Anderson
7159,David Farrell
9383176,Earl Morris
2309354,David Gallegos
3738336,Bobby Wigley
1269431,Donna Brandt
9593027,Mary Gardner
1668021,Margaret Simmerman
9713922,Earl Foster
29812,Thelma Cook
2844125,Kathy Michaels
1563118,Paul Henry
9553174,Crystal Niedzwiecki
9976690,Kathleen Williams
515091,Mike Page
5761945,Jean Hall
5777111,Steven Lanier
243114,David Villanveva
6186328,Larry Banks
1367742,Troy Bautista
9871817,Louise Miller
913692,Connie Stark
689615,John Watkins
1281782,Mary Gonzalez
9892767,Melissa Gomez
2516925,Roger Clark
298013,Beth Phipps
9436683,Kenneth Shadle
7875772,James Cleveland
5082446,Laura Viera
537385,Karen Mcdougald
8061942,Jason Rigsby
5908177,Gavin Cobar
97447,Scott Harrison
8978373,Germaine Carpenter
9221804,Andreas Smith
1312497,Aaron Smolik
7720713,James West
9428866,Laverne Labruzzo
494822,Stephanie Morton
5809944,Lamont Heroman
8909616,Sara Carrington
8902188,Justin Palmer
1503643,Gregory Jones
4804080,Ruby Kerrigan
8458813,Theresa Simpson
5339421,Felipe Scheffler
4303793,David Sprinkel
3362448,Dora Rojas
7237223,Richard Otsuka
337289,Cecil Wells
1075651,Courtney Sutton
4645525,Lena Leuthold
564534,Concetta Montz
4665714,John Fox
7489233,John Moore
1906607,Bill Smith
4119477,Kathryn Groomes
1788873,Larry Schoppert
5246056,John Hathaway
4966646,Thomas Gillette
2195607,David Reed
576144,Delores Cervantes
2565266,Jo Lavette
3143630,Jasmine Lembo
6246965,Adriane Bomar
6943348,Jennifer Tillman
2221273,Darin Kozlowski
4068920,Judi Choi
4879809,Guadalupe Hobbs
2622092,Robert Roche
3658196,Jimmy Hall
1557365,Matthew Williams
634830,Linda Bowen
757835,Terrence Long
8822519,Rafael Ferguson
4958874,Mike Lee
3361191,Christine Smith
5007060,Edwin Lewis
3491651,Eugenie Orear
1516671,Robin Davis
3207366,David Gallegos
1224001,John Comer
4653324,Rodolfo Tremblay
4514615,Clarence Coleman
2156887,Marjorie Ronin
2089410,Gerald Woods
2633050,Thelma Morales
7336030,David Tulloch
1965297,Fred Lowe
4262621,George Edwards
1568429,Dawn Wolfe
5512596,Linda Wanner
1519841,Pamela Heaney
2830575,Orpha Woodard
2694408,David Scott
1978155,Melia Finley
1248589,Dora Walch
2442691,William Alleman
1067641,Jason Guerra
7874801,John Estrada
7829201,Juana Silva
8828214,Pamela Rhoades
2089473,Geoffrey Cook
6621137,Marilyn Anderson
4224446,Gail Melanson
7211427,Sharon Keel
2352897,Stephaine Mcclelland
1275292,Wanda Kennedy
4632107,Eric Herrin
9643394,Barbara Mortimer
4165785,Theresa Sicilian
2704037,Helen Lofaro
6179676,Michael Newsom
5305126,Marjorie West
5155571,Andrew Donald
1722105,Henry Allen
835492,Michael Messina
8944406,Earl Brown
5016388,Donald Fauntleroy
3397595,Ronald Parrett
2561278,Paul Stallard
6673288,Christine Nelson
2475942,James Johnson
5405229,Marc Thompson
6334475,Barbara Degaetano
5220088,Kevin Bone
6437082,Charles Knowles
2592352,Amelia Bain
9516252,Maria Blanchard
1324520,Emily Morgan
6647964,Marcella Reed
8519945,Harold Jones
7162355,Kathleen Smyth
8981880,Catherine Lopez
8863733,Robbie Falcone
2060728,Tony Bravo
2438802,Clara Williams
906708,Dale Worley
8528382,John Law
2832917,Jason Creighton
8208055,Katie Ceron
5891492,Garrett Renfrow
740624,Nellie Iles
3854890,Henry Mcgirt
3527648,Albert Richards
723122,Mary Gonzalez
1575918,Anna Pante
2441055,Frank Hetrick
6932677,Glenda Montalvan
9164143,Howard Stiles
2927334,Kenneth Gagnon
9815334,Elisabeth Lanford
27687,Steven Fulgham
9272496,Rebecca Tolle
7919794,Joyce Deshaies
7019405,Amy Price
8084536,Wallace Davis
2878697,Carlos Russell
2598651,Robert Boyle
4251437,George Blum
9205448,Gail Burnette
6829375,Edward Pimentel
1704565,Michael Hess
8987073,Shayna Rooker
193927,Ricky Ortega
9190724,William Leary
8054816,Melissa Gutierrez
6482155,Ann Johnson
8302669,Helen Mcdonald
7656600,Carolyn Andreasen
9907694,Frances Goolsby
1979413,Martin Smith
2589592,Marlene Grooms
3572404,Gloria Jimenez
3947394,Edward Higgins
7997885,Charles Eckman
1542308,Michael Coursey
537881,Daniel Dewitt
8565880,Margaret Lee
8805933,Edward Atkins
7330822,William Burns
4931468,Sean Pescatore
1453743,Martin Rosado
1213386,Amy Lowe
7937964,Steven Falls
8906261,Kristy Lawrence
7551025,Dorothy Schmitt
576652,Jami Hyde
5489353,Diana Cooper
3639197,Kelly Fillers
9131287,Jessie Broadfoot
443641,Reginald Russell
7684838,Heidi Gavin
7388718,Dorothy Beesley
295180,Lionel Pool
9134905,Dawn Taylor
6988773,Bertha Barnes
6861617,Vera Presswood
4003675,Betty Cannon
3511454,Bruce Davies
5356358,Mary Scott
9962310,Michael Young
3096851,Walter Zamora
9220889,Tammy Brown
5983481,Carol Bialaszewski
5302904,Elizabeth Boland
1759498,Nancy Mays
9835141,Anna Baker
2836875,Felicia Crocker
762053,Sarah Palmour
2182772,Caroline Shu
2862986,Robert Miles
9921053,Christine Branch
7585182,Brian Brown
8002255,Jason Deyoung
6292968,Emily Berhe
9043918,Adam Ramirez
8704385,Justin Pruett
3019120,Lillian Sekel
7817185,Ryan Suarez
2506505,Susan Steiner
3820731,Douglas Adams
5139710,Brent Medeiros
1343659,Thomas Blais
9246456,Renee Dover
4646814,Edward Cooper
6765672,Ronald Yang
2212091,Ryan Daniel
553050,Robert Headd
8193806,James Mancuso
8609379,Daniel Mcneill
9972679,John Anderson
2124495,Yolanda Archila
6949160,Bryan Threatt
6316905,Suzanne Green
8080172,Carla King
1514877,Daisy Cummings
5985173,Barbara Hall
3011554,James Sether
7242307,Martha Boynton
8703644,Elizabeth Morris
3457823,Susan Garza
5688173,Margie Davis
9024453,Russell Polcovich
5796968,Ali Anderson
2143251,Daniel Began
5998409,Winifred Ware
1333916,Phillip Slavick
3712273,Jose Eldredge
1234417,Terry Rodriguez
4348256,Karen Frost
108331,Debra Bryant
1150607,George Ferguson
6301300,Larry Gonzalez
5756922,Manuel Morris
7488813,Rebecca Dunn
1349316,Mario Kesterson
1929215,Minnie Mineo
5549013,Alfredo Neeley
2698274,Mike Cooney
3731834,Edward Baker
6952319,Daniel Moore
8945055,Mattie Riblett
8711226,Nancy Breen
5497055,Terry Haws
2129609,James Shanks
3884568,Ruth Logiudice
2933232,Johnny Fleming
8295153,Martina Weslowski
5401946,Jennifer Vice
8055221,Denice Toma
6704726,Kristin Giddings
7136868,Misty Kuhn
8728300,Timothy French
5045572,Gertrude Crutcher
5848906,Christopher Ray
9600881,Tiffany Phillip
3460958,Grace Tapp
1998580,Jamie Coleman
6316030,Elsie Nance
9391103,Bonnie Rowe
869781,Alma Callaghan
2371653,Gregory Zeiner
3378935,Thomas Chittum
9823232,Leslie Middleton
5812378,Gerald Dilley
1971403,Karla Thompson
7248340,Edward Smartt
3167943,Jose Vue
2103924,Clara Boyd
9139083,Teri Nasta
6772515,Curtis Henderson
8696296,Ashley Perez
8547688,Tracy Jacinto
4664598,Elizabeth Wilson
6511306,Howard Pruitt
6249532,Fernando Lim
9473886,Kitty Hirkaler
7450788,Joan Sandling
6731334,Christine Petermann
5772843,Pamela Hughes
9747822,Angel Mccutchen
1520791,Patricia Johnson
4973788,Billy Copeland
7354948,John Ford
2119125,Robert Barry
4583851,Casey Kendall
2598166,Randy Hood
1069751,Tiffany Escobedo
9187347,Patricia Nice
4292364,Brittany Decker
9460068,Ann Kiser
2710242,Shirley Cross
1388116,Leroy Lacoy
6897390,Florence Curry
7668486,Nancy Mitchell
1264236,Tonya Pulley
748053,Margaret Pell
6403446,Kimberlee Sandoval
1412410,Oscar Coble
7556976,Robyn Davis
590276,Justin Hart
8075466,Hector Jones
5006495,Linda Hawkins
7404805,Janet Rutkowski
2383686,Patricia Potter
4255490,Thea Martinez
6051814,Andrew Alexander
9731387,Malissa Porch
399596,Ben Saathoff
1800317,Herman Tremblay
4484319,Carolyn Talbot
3939910,David Howard
6630446,Anderson Gray
4504384,Ranae George
5388993,Patricia Ludlow
4527529,Andy Brooks
2373509,Hong Forbess
7536051,Jesse Floto
9336099,Tina Marrow
5103667,Bernard Horton
6341448,Raymond Bethke
3998206,Dominick Childers
3640503,Cori Walden
4588814,Anita Garcia
2470917,James Clemments
2995012,Rosemarie Thames
7666936,Lora Stephens
2648174,Glenna Gibbs
2186245,Linda Gill
7888554,George Grube
4701871,Charles Eddins
3335366,Laura Schultz
4060918,Jimmy Lord
7435383,James Lobato
2812368,Bill Williamson
3457942,Angela Rance
9143030,Rosario Brink
1229705,Jonathan Liner
9422860,Sheila Timmons
94945,Margaret Moeller
322103,Mark Simpkins
5450506,Jennifer Matthews
2609373,Williams Seed
6333360,William Davidson
2142869,Betty Covington
1950032,Amy Rogers
5478509,Nancy Bender
949609,Lois Short
8605247,Marie Ledford
3110715,Laurel Logan
5787833,Mark Alvarez
8086395,Judith Glasscock
3275801,James Covino
7199485,Toni Vaughn
3931128,Jamie Howard
5343179,Cecil Steele
3533798,Carla Faulk
2921751,Suzanne Carson
9915026,Connie Fleming
9387771,Jewel Sanders
6628334,Rochelle Landry
9791188,Miguel Dye
6133914,Tommy Thrall
4360187,Melanie Wray
4299765,Ruby Martin
159717,Jarrett Gunter
449001,James Travis
6308382,Karen Youngblood
730848,Scott Chapman
5159760,Kenneth Estrada
2638013,Ed White
6762585,Karen Baumeister
6409764,Richard Charles
3620205,Jessica Lavine
9769694,Margaret Cline
4831044,Romana Burns
5673499,Willard Reyes
628053,Leonardo Joecks
7788546,Sherman Lamb
9259976,Alfred Meler
2035410,Sharon Birch
3715471,Laura Moore
6319118,Joseph Meyer
9486687,Mary Sloan
2783936,Antonio Westman
4871610,Morris Jones
6099859,Nathan Bradshaw
9008505,Ronald Martin
8615300,Nathan Donnell
3184206,Carolyn Rowe
2110388,Carolyn Beaman
9155196,Orlando Aron
2837100,Timothy Hobdy
6408151,Patricia Wick
6857257,Luis Harris
8140527,Ignacio Simpson
7473442,Gustavo Kelly
1739266,Jonathan Gutierrez
5072925,Brandon Barham
4137295,Walter Greene
7868463,Cameron Miller
9048619,James Morris
281640,Albert Canales
1119615,George Miller
3944309,Virginia White
6530469,Leslie Mitchell
5746038,Jacquelyn Bryant
9872703,Krista Brown
2720568,Jackie Terwilliger
9260024,Edward Denson
9149971,Evelyn Huff
2954955,Evelyn Helms
5647697,Catherine Cummings
9229056,Jim Miller
7450569,Sharon Albair
9480921,Shannon Stewart
5350384,Adrian Rivera
8081364,Charles Poucher
3401072,Shakira Mcfarland
9106984,Darnell Exley
1779361,Frances Swelgart
9527238,Antoinette Sansone
9516434,Larry Hodge
4364064,Stephen Campbell
246225,John Shipp
7336088,Dessie Miller
8450266,Elia Allen
1758406,Everette Williamson
312583,Richard Mclean
6929537,Anne Hepner
827846,Nicholas Stroup
5857250,Dustin Cunningham
3065541,Lisa Allee
5516805,Melissa Lane
335919,Thomas Costa
409918,Emily Esposito
4625529,Adam Heiliger
3630855,Percy Crowe
5415361,Frederick Swope
1647707,Josie Piercy
3349576,Sandra House
5036115,Elizabeth Kennedy
2302307,Adriana Mitchell
5451316,Glenda Manery
4250981,Helen Motts
8627382,Bernard Williams
6050701,Pamela Corvera
2397282,Leonor Santos
6782965,Dolores Ward
2002892,Arnold Hart
1457555,Isabel Brown
5032710,Kevin Hill
8473720,Michael Herron
9404233,Robert Barnett
3806452,Raymond James
4303697,Wendy Kehoe
9025225,Kevin Cole
8245271,Michael Keisler
6879745,Beatrice Block
9787806,Gertrude Davidson
6921331,Larry Collins
9195924,Robin Gifford
4370138,Hanna Welch
5864619,Robin Mata
6571340,Jon Collins
2838522,Marilyn Traxler
4712948,Lottie Beech
7628623,Ollie Phillips
9068597,Cleo Milam
1989441,Andrea Glessner
3775885,Jennifer Meehan
7786844,Earle Cave
7523557,Shirley Marquis
1740099,Michael Patino
9386711,John Lipsky
9088551,Ethel Guintanilla
1608898,John Schneider
4750089,Esther Crocker
4501489,Kristen Bryant
9454043,Morris Maestas
3255566,Lucille Simon
1483311,Carlos Allen
4013619,Miguel Halpin
5237840,Wayne Haas
963769,Tiffani Clay
928960,Jennifer Greenfeld
2696462,Lorene Foster
4895188,Suzanne Lee
9351608,William Banks
1753054,Patricia Mcdaniel
8808024,William Green
5564134,Gerry Stlouis
6309828,Sandra Gilbert
8690836,Jack Mcmonagle
3797977,Alan Altamirano
5082989,Kevin Kendrick
8001265,Sarah Johnson
8256608,Julie Hatfield
214446,Sara Lemke
129065,Don Morrison
8246705,Virginia Dillard
3010177,James Seltzer
9094863,Toni Ahmed
4141967,Lisa Covington
6304245,Francis Mcclelland
9493365,Courtney Davis
4899374,Kathryn Beaton
2954425,Paul Parsons
8994474,Melissa Mackey
8105744,Terry Boone
3354060,David Christman
4825579,Barbara Neal
5300158,Bernice Flynn
9527711,Kimberlee Taylor
1618523,Patricia Tarbox
4126676,Michael Harrison
6042084,Jerry Puckett
1215444,Cristina Hledik
4484371,Randall Scott
1189877,Anthony Veneziano
1648794,Fred Ferguson
4162576,John Houston
456292,Joi Schon
4601009,Tracy Hoage
6118950,Travis Pate
2862898,Paul Campbell
977996,Robert Dean
6652894,Valerie Malloy
6569891,Minnie Gordon
6077889,Lisa Brookes
2271124,Carrie Scavotto
3588840,Sara Wilson
4839080,Barbara Burns
1059637,Alice Newitt
8944843,Thomas Zelaya
4242858,Robert Williford
3433673,Dennis Rogers
3521875,Kay Downing
628732,Eric Dell
9979924,Robert Carr
4206997,Maria Mcalister
9351605,Bryan Forsythe
8052775,Sandy Duncan
2607259,Diane Grey
7987470,Lisa Wallis
2371262,Eric Haro
860737,John Rice
8893110,Matthew Clarke
7724505,Emanuel Wellington
9027832,Maurice Perez
6063940,Jessica Mccoach
4248559,Agnes Hankins
6080455,Deborah Bellanger
9155973,Christian Becerra
6434022,Mary Studt
5416047,Neal Mayer
9774845,Kenny Wilson
1661275,Ryan Kelly
9657902,Christi Seifert
7306364,Paula Lewis
5877755,John Lee
5403591,Lois Smith
3948099,Maria Sawyer
3665112,James Bangs
6427218,Jane Weis
6552554,Heather Mcmorran
9246510,Tara Myers
4976908,Donald Cianciolo
1324978,Brian Martin
2940097,Mitchell Boyers
6074523,Flora Manuel
7278858,Wendy Pacheco
4063468,Joyce Weathers
4270152,Grady White
4843438,Margarita Bailey
6450087,Erika Andrade
6125572,Linda Bice
9580646,Kimberly Griffin
4423261,Billie Zuehlke
4054740,Patricia Bolden
2876875,Gary Andrews
2602077,Miriam Bishop
1408311,Anthony Wilson
2429318,Michael Hulett
9958689,Michael Jones
473620,Kathy Mittlestadt
6800211,Edward Manning
7754236,Samuel Lloyd
6595521,Florence Emmert
777258,William Bianco
9174166,William Randall
2844469,Donald Williams
4942821,Nicholas Hunter
5365844,Gloria Mcgrew
1586512,Estella Schneider
7892727,Adelina English
2966372,Michael Her
5132452,Roy Reik
9517226,John Martinez
531353,John Cash
2401715,Kelly Philips
1724326,Michael Stoviak
523572,Maria Reinhardt
599559,Bryon Cameron
4198705,Allison Hayes
5209283,Mary May
9145596,Audra Peterson
6038557,Jack Collins
902822,James Salisbury
6561650,Ella Adams
9735248,Steven Goggins
904668,Sandra Wysong
270148,Edna Odonnell
566157,Claudette Carter
4087992,Jose Weideman
8010718,Amy Sittre
7124527,Shannan Lopez
5128563,Lori Jones
5143925,Richard Holley
6298222,Amanda Soltis
6490652,Marilyn Proulx
4952798,Myrl Mitchener
1870029,Daniel Whitehead
1983587,Ann Olivia
264444,Craig Berger
2649507,Howard Nishiyama
9112148,Marie Juett
8108304,Mathew Adkins
4597851,Rebecca Perry
948513,Jesse Holmes
6513230,Michael Benton
4072451,Meghan Wright
9282868,Russell Ward
8534327,Brandon Weiss
6705397,Cindy Tracy
984716,Gloria Scott
2869183,Robert Green
6622445,Megan Craig
7451577,Ava Easterling
2680261,Glenn Taylor
6873233,Russell Dowdy
7691848,Nickolas Butler
8954608,Jay Mcfadden
1826506,Linda Dicks
46876,Evelyn Luke
2092535,Monique Pollard
6156766,Greg Marquez
7177663,Leland Cremeans
6249934,Andrew Kidwell
4430243,Kathleen Everett
8358644,Philip Long
3945335,John Damboise
546846,Kristina Stepp
504699,Melanie Roberts
7689134,Albert Newman
8465457,Jeff Livingston
1336492,Wallace Deleon
7440886,Nina Baggett
5941410,Elizabeth Browning
5689186,Laurie Fitzhugh
653395,Craig Williams
502642,Edith Licudine
7325564,Eddie Morin
8631168,Mathew Messenger
57644,Ralph Benson
9056561,Emma Weiland
7561016,Robert Saraf
630880,Anne Anderson
9817061,Glen Watkins
1198364,Robert Reinke
425920,Steve Jackson
8239211,Marjorie French
2915766,Suzanna Hull
7166112,Charles Batchelor
3536573,Rita Mcgehee
5986668,Angela Carson
4246949,James Mckenney
3744534,Michelle Hayes
5577829,Mike Barnett
8674278,Frederick Ballester
4036550,David Schut
9080018,Evelyn Borowski
6900818,Odessa Stewart
3988082,Stacy Washington
4760265,Bob Saumier
630369,Bettye Never
7896176,Edith Fiala
941069,Brian Clark
1028194,Mark Wilson
5829533,Laurie Coleman
645274,Barbara Murrow
4884208,Lucy Plata
6197706,Oscar Dean
4309606,Reva Baron
9782436,Brittany Hernandez
3313327,Annette Wiley
4638036,Marilyn Talamantes
2131410,Joseph Baker
572383,Esther Watton
9363796,Jannet Daniels
3644413,Henry Johnson
9279929,Bill Joyner
9002944,Frank Hunt
5690737,Linda Saunders
8485218,Tiffany Foster
2855300,Mary Cameron
8433167,Steven Ponce
9424516,Ana Tolbert
4941631,Frank Tyree
1767488,Gerry Verduzco
6653786,Mark Thomas
3144270,Agnes Simmons
2010704,Jean Knutson
9296077,Ricardo Clark
9660162,Julie Caballero
9009448,Pauline Gardner
633160,Shawna Phillips
2328256,John Esqueda
3944097,Frank Victorero
6216096,James Miller
7745759,Pamela Villarreal
2214582,Ileana Anderson
1951066,Jonathan Love
2655240,Roma Brumaghim
409774,Johnnie Martin
9211597,Kathleen Foxman
4995816,Travis Lovin
1628380,Louis Foster
3114461,John Hawley
760922,Gabriela Brown
3471642,Margaret Ogden
1140801,Mildred Deese
5802428,Keith Trax
1751612,Lynda Robles
8371670,Demetrius Adams
7052849,Todd Morrow
8992004,Leon Eagle
3041883,Philip Lindsey
5327801,Dawna Marshall
639954,Thomas Robison
5612234,James Horton
75859,Troy Hunter
9400333,John Carbone
6043746,Ellen Mcinnis
8213531,Clayton Martin
7192765,Sabrina Taylor
7547898,Jesse Lee
7551055,Laura Ledezma
7433127,Ellis Talbot
1676650,Patrick Vargas
7655537,Jessica Call
1374035,Harry Avelar
3922046,Tammy Johnson
6985240,Cynthia Matthews
5401789,Delores Porter
3653682,Mark January
7884680,Leonard Donahue
950016,Rocio Jones
3665189,James Mancini
1528586,Stephnie Ramirez
7516863,Hisako Wright
446793,Daniel Gaul
1772693,Susan Zamora
8346560,Glen Williams
3600398,Robert Miller
9732590,Thomas Gunn
4496141,Joann Taylor
239841,Claudia Scott
5554221,Wayne Bodrick
6820995,Chau Mueller
2747088,Joseph Oaks
7709306,Roberto Gustafson
8839246,Tara Brandly
9506620,Harold Spears
839377,Linda Finch
8590965,Terrance Schoepp
5664308,Sandra Toole
